#pid, name, gender, generation, byear, dyear, dage, myear, mage, ptype, clan, spouseId, parentId1, parentId2, parentNodeId
0,amoung,F,0,1900,2000,100,1920,20,ESTJ,0,,,,-1
1,sus,M,0,1900,2000,100,1920,20,ISFP,0,0,,,0
2,Rodarar,F,1,1920,1998,78,1935,15,ENFJ,0,,0,1,1
3,Cholodbe,M,1,1910,1973,63,1935,25,ESTJ,0,2,,,2
4,Engechil,F,2,1935,1936,1,,,ISTP,0,,2,3,3
5,Haronoder,M,2,1938,1976,38,,,ESFP,0,,2,3,3
6,Erargasvi,F,2,1940,2012,72,1959,19,ENFJ,0,,2,3,3
7,Drdamard,M,2,1935,1991,56,1959,24,ESTJ,0,6,,,6
8,Cheunchi,M,3,1959,2034,75,,,ESTJ,0,,6,7,7
9,Cherdeo,M,3,1962,2014,52,,,ESFP,0,,6,7,7
10,Lemar,M,3,1965,1966,1,,,ESFJ,0,,6,7,7
11,Hidevade,F,3,1967,2038,71,1985,18,ESTJ,0,,6,7,7
12,Hentkergie,M,3,1960,2025,65,1985,25,ESFP,0,11,,,11
13,Aros,M,4,1985,1986,1,,,ESTJ,0,,11,12,12
14,Omnh,M,4,1988,1990,2,,,ESFJ,0,,11,12,12
15,Hilda,F,4,1991,2080,89,2009,18,ESFJ,0,,11,12,12
16,Wartiauin,M,4,1982,2051,69,2009,27,ESFP,0,15,,,15
17,Endild,F,5,2009,2100,91,2025,16,ESTP,0,,15,16,16
18,Withi,M,5,1998,2070,72,2025,27,ISFJ,0,17,,,17
19,Thilerar,F,6,2025,2101,76,2042,17,ENTP,0,,17,18,18
20,Audelg,F,6,2028,2093,65,2044,16,ESTP,0,,17,18,18
36,Famenthu,F,5,2011,2095,84,2028,17,ESTP,0,,15,16,16
37,Drdov,M,5,2006,2083,77,2028,22,ENTP,0,36,,,36
38,Gisaiuld,F,6,2028,2029,1,,,ESFP,0,,36,37,37
55,Alinodh,M,5,2014,2017,3,,,ESTJ,0,,15,16,16
56,Peberd,M,5,2017,2018,1,,,ESFJ,0,,15,16,16
57,Loya,M,5,2020,2026,6,,,ESTP,0,,15,16,16
58,Beno,F,5,2022,2086,64,2037,15,ESTP,0,,15,16,16
59,Tautmazb,M,5,2025,2110,85,2052,27,ESFJ,0,,15,16,16
71,Everinde,M,4,1994,2058,64,2024,30,ENFJ,0,,11,12,12
72,Rodectrldad,F,4,2006,2070,64,2024,18,ESFJ,0,71,,,71
73,Berdoba,M,5,2024,2107,83,2046,22,ESFJ,0,,71,72,72
74,Aududevad,F,5,2027,2028,1,,,ESFJ,0,,71,72,72
75,Wiringin,M,5,2030,2113,83,,,ESTJ,0,,71,72,72
81,Gengardil,F,4,1998,2068,70,2014,16,INFJ,0,,11,12,12
82,Herelderi,M,4,1986,2065,79,2014,28,ESTJ,0,81,,,81
83,Petmado,M,5,2014,2065,51,,,ESTJ,0,,81,82,82
84,Clonozot,M,5,2017,2018,1,,,ESTP,0,,81,82,82
85,Hilhai,F,5,2019,2097,78,2036,17,ESFP,0,,81,82,82
86,Aldeilde,F,5,2022,2067,45,2038,16,ESFP,0,,81,82,82
87,Ardu,M,5,2025,2096,71,2057,32,ESTP,0,,81,82,82
88,Mothisva,F,5,2029,2100,71,2046,17,ISTJ,0,,81,82,82
93,Antm,M,4,2001,2073,72,2028,27,ESTJ,0,,11,12,12
94,Rotrun,F,4,2006,2074,68,2028,22,ESFJ,0,93,,,93
95,Larnocha,M,5,2028,2029,1,,,ESFJ,0,,93,94,94
96,Gultrsarud,F,5,2030,2097,67,2049,19,ESTJ,0,,93,94,94
102,Adarailtrldr,F,4,2004,2070,66,2020,16,ESTJ,0,,11,12,12
103,Gobal,M,4,2001,2085,84,2020,19,ESFJ,0,102,,,102
104,Barphardu,M,5,2022,2100,78,2042,20,ESTP,0,,102,103,103
105,Wardouse,M,5,2025,2116,91,,,ESTJ,0,,102,103,103
106,Adeldamun,F,5,2027,2028,1,,,ESFJ,0,,102,103,103
107,Grorthart,M,5,2030,2034,4,,,ESTP,0,,102,103,103
112,Rotendil,F,3,1971,2034,63,1989,18,ESFJ,0,,6,7,7
113,Thor,M,3,1965,2044,79,1989,24,ENTJ,0,112,,,112
114,Alhtrgaru,F,4,1989,2035,46,2008,19,ISTP,0,,112,113,113
115,Tustimmut,M,4,1988,2030,42,2008,20,ESFP,0,114,,,114
116,Hudulili,M,5,2008,2055,47,,,ESFJ,0,,114,115,115
117,Marinh,M,5,2010,2069,59,2038,28,ESTJ,0,,114,115,115
118,Aderdade,F,5,2012,2016,4,,,ESTJ,0,,114,115,115
119,Char,M,5,2014,2085,71,,,ESTJ,0,,114,115,115
120,Modegude,F,5,2017,2081,64,2034,17,ENFJ,0,,114,115,115
121,Barg,F,5,2021,2115,94,2039,18,ESFJ,0,,114,115,115
122,Warcheri,M,5,2027,2028,1,,,ESTP,0,,114,115,115
123,Danthiu,M,4,1992,2056,64,2012,20,ESTP,0,,112,113,113
124,Budega,F,4,1993,2064,71,2012,19,ENFP,0,123,,,123
125,Ogaivega,F,5,2012,2101,89,,,ESFP,0,,123,124,124
126,Aundid,F,5,2015,2016,1,,,ESFJ,0,,123,124,124
127,Thagich,M,5,2018,2019,1,,,ESTP,0,,123,124,124
128,Hotrdele,F,5,2020,2033,13,,,ISFJ,0,,123,124,124
129,Inganggerden,F,5,2022,2115,93,2042,20,ISFJ,0,,123,124,124
130,Hilegga,F,5,2024,2116,92,2045,21,ESFP,0,,123,124,124
131,Andiadel,F,5,2026,2129,103,2044,18,ESTP,0,,123,124,124
132,Ara,M,5,2029,2038,9,,,ESTJ,0,,123,124,124
134,Bertuth,M,4,1994,2026,32,2019,25,ENFP,0,,112,113,113
135,Hiler,F,4,2001,2109,108,2019,18,ESTJ,0,134,,,134
136,Meuertmeulf,M,5,2019,2020,1,,,ESFP,0,,134,135,135
137,Agrdoman,M,5,2022,2088,66,2045,23,INTJ,0,,134,135,135
138,Thera,M,5,2025,2116,91,2043,18,ESFP,0,,134,135,135
139,Rernthibe,M,4,1998,2050,52,,,ENFJ,0,,112,113,113
140,Hischildil,F,4,2000,2085,85,,,ESFJ,0,,112,113,113
141,Fotrgararung,F,4,2002,2003,1,,,ESFP,0,,112,113,113
142,Hildeva,F,4,2007,2074,67,2026,19,ESFJ,0,,112,113,113
143,Gododeg,M,4,2002,2082,80,2026,24,ESTP,0,142,,,142
144,Hinur,M,5,2026,2027,1,,,ESTP,0,,142,143,143
145,Entilfo,M,5,2029,2038,9,,,ESTJ,0,,142,143,143
151,Odofrta,M,4,2010,2085,75,2039,29,ENFP,0,,112,113,113
152,Audier,F,3,1978,1987,9,,,ESFP,0,,6,7,7
153,Anndese,M,2,1972,2017,45,1993,21,ENFP,0,6,,,6
154,Gomarert,M,3,1993,1994,1,,,ESFP,0,,6,153,153
155,Chrderir,M,3,1996,2078,82,,,ESTJ,0,,6,153,153
156,Audangud,F,3,1999,2059,60,2015,16,ESFP,0,,6,153,153
157,Thierc,M,3,1988,2045,57,2015,27,ESFP,0,156,,,156
158,Hing,F,4,2015,2021,6,,,ESFJ,0,,156,157,157
159,Regi,M,4,2017,2018,1,,,ISTP,0,,156,157,157
160,Beolutha,M,4,2019,2083,64,,,ESFJ,0,,156,157,157
161,Angade,F,4,2022,2023,1,,,ENTJ,0,,156,157,157
162,Geulilo,M,4,2024,2025,1,,,ENTP,0,,156,157,157
163,Archali,M,4,2027,2099,72,,,ESFJ,0,,156,157,157
164,Thelid,F,4,2030,2079,49,2048,18,ISFJ,0,,156,157,157
179,Engetrtr,F,3,2002,2003,1,,,ESFJ,0,,6,153,153
180,Bulpad,F,3,2005,2006,1,,,ISTJ,0,,6,153,153
181,Fotruder,F,3,2008,2072,64,2023,15,ESTP,0,,6,153,153
182,Hisyri,M,3,2004,2095,91,2023,19,ENFJ,0,181,,,181
183,Thasiril,M,4,2023,2024,1,,,ENFJ,0,,181,182,182
184,Rothera,F,4,2026,2027,1,,,ENTP,0,,181,182,182
185,Lurthero,M,4,2028,2098,70,2057,29,ISFP,0,,181,182,182
186,Méommari,M,4,2030,2094,64,,,ESTP,0,,181,182,182
194,Warntiu,M,3,2011,2074,63,2033,22,ESTJ,0,,6,153,153
195,Amep,M,3,2013,2019,6,,,ESFP,0,,6,153,153
196,Mechis,F,2,1943,2039,96,1959,16,ESFP,0,,2,3,3
197,Sidesserar,M,2,1934,2003,69,1959,25,ISFJ,0,196,,,196
198,Auldalinc,M,3,1959,2024,65,1979,20,ESFP,0,,196,197,197
199,Gundentr,F,3,1964,2038,74,1979,15,ESTP,0,198,,,198
200,Artarti,M,4,1981,2026,45,,,ESFJ,0,,198,199,199
201,Erudada,F,4,1984,1985,1,,,ESFJ,0,,198,199,199
202,Berilin,M,4,1986,2046,60,2011,25,ESTJ,0,,198,199,199
203,Gudalder,F,4,1995,2075,80,2011,16,ESTP,0,202,,,202
204,Buberu,F,5,2012,2014,2,,,ENFP,0,,202,203,203
205,Lisarund,F,5,2015,2082,67,2028,13,ESTP,0,,202,203,203
206,Angestfr,M,5,2009,2088,79,2028,19,ESFP,0,205,,,205
207,Areriar,M,6,2030,2075,45,2051,21,ESFJ,0,,205,206,206
215,Modegi,F,5,2017,2067,50,2032,15,ENFJ,0,,202,203,203
216,Rotrdeoy,F,5,2020,2122,102,2036,16,ESTJ,0,,202,203,203
217,Guodelhi,F,5,2022,2090,68,2038,16,ISTP,0,,202,203,203
218,Bundera,F,5,2024,2107,83,2040,16,ISFP,0,,202,203,203
219,Bermelil,F,5,2026,2082,56,2046,20,ESFP,0,,202,203,203
222,Emnthilfrb,M,4,1988,2062,74,2015,27,ISTP,0,,198,199,199
223,Rotrgisy,F,4,2002,2077,75,2015,13,ESFJ,0,222,,,222
224,Hudeugaro,M,5,2016,2101,85,,,ESFP,0,,222,223,223






























































































223,Rotrgisy,F,4,2002,2016,14,2015,13,ESFJ,0,222,,,222225,Becheler,F,4,2002,2083,81,2019,17,ISFP,0,222,,,222
226,Begailod,F,5,2019,2059,40,2036,17,ESTP,0,,222,225,225
227,Gudadelbe,F,5,2021,2022,1,,,ESTJ,0,,222,225,225
228,Chard,M,5,2024,2025,1,,,ESTP,0,,222,225,225
229,Cloldunnud,M,5,2027,2031,4,,,ESTJ,0,,222,225,225
230,Aurmenoteru,F,5,2030,2101,71,2048,18,ESTP,0,,222,225,225
235,Amnusal,M,4,1991,2050,59,2016,25,ESTP,0,,198,199,199
236,Guderechi,F,4,2000,2094,94,2016,16,ESFJ,0,235,,,235
237,Arigrtfa,M,5,2016,2108,92,2043,27,ESFJ,0,,235,236,236
238,Dulderi,M,5,2019,2099,80,,,ENTP,0,,235,236,236
239,Frpppie,M,5,2021,2092,71,,,ESTP,0,,235,236,236
240,Hildileg,F,5,2024,2026,2,,,ESFP,0,,235,236,236
241,Aufrong,M,5,2027,2094,67,2058,31,ESTP,0,,235,236,236
242,Aundeget,F,5,2029,2111,82,2045,16,ESFJ,0,,235,236,236
246,Hinuseranu,M,4,1996,2063,67,2023,27,ESFJ,0,,198,199,199
247,Lielirdeo,F,4,2009,2076,67,2023,14,ENFJ,0,246,,,246
248,Adus,M,5,2025,2119,94,2048,23,ISFP,0,,246,247,247
249,Ogudithen,F,5,2028,2101,73,2047,19,ESFP,0,,246,247,247
250,Rudildera,F,5,2030,2031,1,,,ESTP,0,,246,247,247
258,Alitra,F,4,2002,2078,76,2018,16,ESTJ,0,,198,199,199
259,Rerlkm,M,4,1990,2079,89,2018,28,ENTJ,0,258,,,258
260,Budilildev,F,5,2018,2073,55,2037,19,ESTP,0,,258,259,259
261,Bertk,M,5,2020,2021,1,,,ENFJ,0,,258,259,259
262,Badeldotr,F,5,2022,2032,10,,,ISTP,0,,258,259,259
263,Aldive,F,5,2025,2110,85,2043,18,ESFP,0,,258,259,259
264,Hodelise,F,5,2027,2109,82,2042,15,ESFP,0,,258,259,259
265,Arirtart,M,5,2030,2091,61,2052,22,ENFP,0,,258,259,259
270,Talfrer,M,4,2011,2014,3,,,ESFJ,0,,198,199,199
271,Emerunar,F,3,1961,2027,66,,,ESFP,0,,196,197,197
272,Chausai,M,3,1963,2013,50,1988,25,ESFJ,0,,196,197,197
273,Ergadera,F,3,1972,2060,88,1988,16,ESTP,0,272,,,272
274,Adadai,F,4,1990,1994,4,,,ESFP,0,,272,273,273
275,Adudit,F,4,1992,2072,80,2006,14,ESTP,0,,272,273,273
276,Bebertg,M,4,1975,2046,71,2006,31,ESFP,0,275,,,275
277,Berundos,F,5,2008,2077,69,2027,19,ESTJ,0,,275,276,276
278,Tuldrder,M,5,2004,2093,89,2027,23,ESFP,0,277,,,277
279,Agarama,M,6,2027,2028,1,,,ESTJ,0,,277,278,278
280,Hodegade,F,6,2030,2035,5,,,ESTJ,0,,277,278,278
289,Hiraden,F,5,2011,2023,12,,,ENTJ,0,,275,276,276
290,Fodendildel,F,5,2014,2015,1,,,ESTJ,0,,275,276,276
291,Bevadelo,F,5,2017,2072,55,2036,19,ESFP,0,,275,276,276
292,Fadernga,F,5,2019,2128,109,2037,18,ESTP,0,,275,276,276
293,Everomar,M,5,2023,2024,1,,,ESTP,0,,275,276,276
294,Maregol,M,5,2026,2099,73,,,ESTJ,0,,275,276,276
295,Chagaset,M,5,2028,2089,61,2051,23,ENTP,0,,275,276,276
307,Metiskert,M,4,1994,1996,2,,,ESTJ,0,,272,273,273
308,Rothedaio,F,4,1996,2071,75,2017,21,ESFP,0,,272,273,273
309,Chissst,M,4,1991,2052,61,2017,26,ESTJ,0,308,,,308
310,Eitmel,M,5,2017,2095,78,,,ESTP,0,,308,309,309




































308,Rothedaio,F,4,1996,2017,21,2017,21,ESFP,0,,272,273,273311,Auraderad,F,4,1999,2079,80,2020,21,ENTJ,0,,272,273,273
312,Anchard,M,4,1996,2051,55,2020,24,ESFP,0,311,,,311
313,Frotu,M,5,2020,2021,1,,,ESTJ,0,,311,312,312
311,Auraderad,F,4,1999,2033,34,2020,21,ENTJ,0,,272,273,273
315,Walolbar,M,5,2025,2029,4,,,ESFJ,0,,311,312,312
316,Hindevev,F,5,2028,2080,52,2046,18,ESTP,0,,311,312,312
319,Rilontg,M,4,2003,2005,2,,,ISTJ,0,,272,273,273
320,Rodadanga,F,4,2006,2007,1,,,ISTJ,0,,272,273,273
321,Brtarothic,M,4,2009,2082,73,2035,26,ISFJ,0,,272,273,273
322,Dord,M,3,1966,2053,87,1992,26,ESFP,0,,196,197,197
323,Gunaiend,F,3,1974,2033,59,1992,18,ESFP,0,322,,,322
324,Sussfri,M,4,1992,2064,72,,,ESTP,0,,322,323,323
325,Andalheld,F,4,1994,2090,96,2009,15,ISTJ,0,,322,323,323
326,Auntma,M,4,1991,2035,44,2009,18,ESTP,0,325,,,325
327,Adinsc,F,5,2010,2075,65,2028,18,ESTJ,0,,325,326,326
328,Thasyrt,M,5,2006,2086,80,2028,22,ESTJ,0,327,,,327
329,Hlderdolo,M,6,2028,2100,72,2056,28,ISFP,0,,327,328,328
336,Rertke,M,5,2012,2075,63,,,ESFP,0,,325,326,326
337,Rutradeobe,F,5,2015,2119,104,2033,18,ENFJ,0,,325,326,326
338,Bechileg,F,5,2017,2088,71,2031,14,ESFJ,0,,325,326,326
339,Mendrgun,F,5,2019,2020,1,,,ESFP,0,,325,326,326
340,Baus,M,5,2021,2035,14,,,ESFP,0,,325,326,326
341,Waldegon,M,5,2023,2107,84,,,ISTP,0,,325,326,326
342,Alpad,F,5,2026,2108,82,2041,15,ESTP,0,,325,326,326
343,Andeiltr,F,5,2030,2060,30,2044,14,ESTP,0,,325,326,326
356,Modecthilt,F,4,1996,1999,3,,,ESTP,0,,322,323,323
357,Audergun,F,4,1998,2071,73,2013,15,ESTJ,0,,322,323,323
358,Martam,M,4,1987,2044,57,2013,26,ESFJ,0,357,,,357
359,Méobarbe,M,5,2014,2074,60,,,ISFP,0,,357,358,358
360,Adegaldu,F,5,2017,2086,69,2031,14,ESTP,0,,357,358,358
361,Engaru,F,5,2019,2125,106,2036,17,ISTP,0,,357,358,358
362,Audegersc,F,5,2021,2093,72,2042,21,ESFP,0,,357,358,358
363,Bertarderon,M,5,2023,2097,74,,,ENTP,0,,357,358,358
364,Altalera,F,5,2025,2122,97,2044,19,ESTP,0,,357,358,358
365,Wartaraj,M,5,2027,2079,52,2054,27,ENFP,0,,357,358,358
366,Rodalelder,F,5,2030,2094,64,2043,13,ESTJ,0,,357,358,358
382,Govi,M,4,2001,2002,1,,,ESFP,0,,322,323,323
383,Raricha,M,4,2003,2004,1,,,ISFJ,0,,322,323,323
384,Liarongi,M,4,2005,2006,1,,,ISFJ,0,,322,323,323
385,Ousold,M,4,2007,2013,6,,,ENFJ,0,,322,323,323
386,Evrerti,M,4,2013,2014,1,,,ESFJ,0,,322,323,323
387,Hothaisa,F,4,2015,2082,67,2030,15,ENTJ,0,,322,323,323
388,Wibestm,M,4,2001,2054,53,2030,29,INTJ,0,387,,,387
408,Thilarga,F,4,2017,2098,81,2033,16,ESFP,0,,322,323,323
419,Rodeleld,F,3,1969,2052,83,1986,17,ESFP,0,,196,197,197
420,Lotilfr,M,3,1960,2037,77,1986,26,ESFP,0,419,,,419
421,Bel,F,4,1986,1987,1,,,ISFP,0,,419,420,420
422,Husssscha,M,4,1988,2061,73,,,ESTJ,0,,419,420,420
423,Lerinde,M,4,1991,1996,5,,,ESTP,0,,419,420,420
424,Grtinhic,M,4,1993,2047,54,2015,22,ESFJ,0,,419,420,420
425,Guosar,F,4,1997,2074,77,2015,18,ISTP,0,424,,,424
426,Charbica,M,5,2015,2082,67,,,ESFJ,0,,424,425,425
427,Lerinari,M,5,2018,2088,70,,,ESTJ,0,,424,425,425
428,Wilf,M,5,2020,2097,77,2047,27,ISTJ,0,,424,425,425
429,Frbegic,M,5,2023,2025,2,,,ENFP,0,,424,425,425
430,Rodeltra,F,5,2025,2096,71,2041,16,ISFJ,0,,424,425,425
431,Frtmbal,M,5,2028,2121,93,2058,30,ESTP,0,,424,425,425
435,Adotidrt,M,4,1995,2036,41,2018,23,ESTJ,0,,419,420,420
436,Barden,F,4,1998,2102,104,2018,20,ESFP,0,435,,,435
437,Aurgadec,F,5,2018,2100,82,2034,16,ESTJ,0,,435,436,436
438,Assert,M,5,2021,2086,65,2049,28,ISTP,0,,435,436,436
439,Clelareg,M,5,2023,2107,84,2048,25,ESFP,0,,435,436,436
440,Ouldoger,M,5,2026,2104,78,,,ESFP,0,,435,436,436
441,Cerch,M,5,2029,2116,87,2054,25,ESFJ,0,,435,436,436
444,Adentrga,F,4,1997,2073,76,2012,15,ESTP,0,,419,420,420
445,Helderia,M,4,1985,2056,71,2012,27,ESFJ,0,444,,,444
446,Baurinu,M,5,2013,2069,56,,,ENFP,0,,444,445,445
447,Aldrchenar,M,5,2016,2087,71,,,ESTJ,0,,444,445,445
448,Ingartru,F,5,2019,2095,76,2036,17,ENTJ,0,,444,445,445
449,Budiseur,F,5,2021,2022,1,,,ESTJ,0,,444,445,445
450,Rodrudad,F,5,2023,2081,58,2040,17,ISFJ,0,,444,445,445
451,Burundeng,F,5,2025,2076,51,2044,19,ENFJ,0,,444,445,445
452,Lerinoli,M,5,2028,2123,95,,,ENTP,0,,444,445,445
453,Wart,M,5,2030,2092,62,,,ENTP,0,,444,445,445
465,Audailthera,F,4,2000,2044,44,2017,17,ESFP,0,,419,420,420
466,Hiusch,M,4,1996,2068,72,2017,21,ESTP,0,465,,,465
467,Belefect,F,5,2017,2070,53,2032,15,ESFP,0,,465,466,466
468,Rudelang,F,5,2019,2020,1,,,ISTJ,0,,465,466,466
469,Beverech,F,5,2021,2111,90,2041,20,ENTP,0,,465,466,466














































































465,Audailthera,F,4,2000,2021,21,2017,17,ESFP,0,,419,420,420470,Sunuuns,M,4,2002,2078,76,2029,27,ESFJ,0,,419,420,420
471,Emul,F,4,2012,2062,50,2029,17,ENFJ,0,470,,,470
472,Huseser,M,5,2029,2033,4,,,ESTP,0,,470,471,471
491,Sichanf,M,4,2005,2007,2,,,ESTJ,0,,419,420,420
492,Bersiothis,F,4,2007,2091,84,2021,14,ESTJ,0,,419,420,420
493,Golfrtis,M,4,2004,2056,52,2021,17,ESFJ,0,492,,,492
494,Mergadai,F,5,2021,2022,1,,,ESTP,0,,492,493,493




















492,Bersiothis,F,4,2007,2021,14,2021,14,ESTJ,0,,419,420,420504,Lelbader,M,3,1971,1972,1,,,ESTJ,0,,196,197,197
505,Thisvarg,F,3,1975,2030,55,1994,19,ESFJ,0,,196,197,197
506,Rerdelr,M,3,1960,2002,42,1994,34,ESFJ,0,505,,,505
507,Rotrditra,F,4,1994,1996,2,,,ESTJ,0,,505,506,506
508,Thisieotrn,F,4,1997,1998,1,,,ENTJ,0,,505,506,506
509,Embelola,M,4,1999,2000,1,,,INTP,0,,505,506,506
510,Rotardog,F,4,2002,2006,4,,,ESTJ,0,,505,506,506
511,Hangenor,M,3,1988,2056,68,2006,18,ESFJ,0,505,,,505
512,Audoilinc,M,4,2006,2066,60,,,ENTJ,0,,505,511,511
513,Andonoz,M,4,2008,2052,44,2029,21,ESTP,0,,505,511,511
514,Auderdamer,F,4,2012,2094,82,2029,17,ESFJ,0,513,,,513
515,Atilodaus,M,5,2029,2112,83,2057,28,ESTP,0,,513,514,514
522,Choler,M,4,2010,2053,43,,,ESFP,0,,505,511,511
523,Aldechild,F,4,2013,2091,78,2028,15,ENTJ,0,,505,511,511
524,Rebepiri,M,4,1998,2047,49,2028,30,ESTP,0,523,,,523
525,Rercarti,M,5,2028,2085,57,,,ESFP,0,,523,524,524
526,Fobidrm,M,5,2030,2038,8,,,ESFJ,0,,523,524,524














523,Aldechild,F,4,2013,2062,49,2028,15,ENTJ,0,,505,511,511540,Phar,M,4,2016,2081,65,,,ESFP,0,,505,511,511
541,Witkmb,M,4,2019,2084,65,2044,25,ENFJ,0,,505,511,511
542,Ergarans,F,4,2026,2089,63,2042,16,ESTP,0,,505,511,511
543,Rotrunde,F,3,1977,1978,1,,,ESFP,0,,196,197,197
544,Heraund,M,3,1980,1981,1,,,ISTJ,0,,196,197,197
545,Beldmard,M,3,1982,2034,52,2008,26,ISTP,0,,196,197,197
546,Aldeodaru,F,3,1994,2068,74,2008,14,ESFJ,0,545,,,545
547,Roferude,F,4,2009,2079,70,2023,14,ESTJ,0,,545,546,546
548,Ansilogi,M,4,1990,2071,81,2023,33,ENTP,0,547,,,547
549,Bererdot,M,5,2024,2082,58,,,ESFP,0,,547,548,548
550,Drilprer,M,5,2026,2111,85,2058,32,ENTJ,0,,547,548,548
551,Albendeisaru,F,5,2029,2035,6,,,ESTP,0,,547,548,548
571,Roschefa,F,4,2012,2013,1,,,ENFP,0,,545,546,546
572,Gudalda,F,4,2015,2076,61,2032,17,ENFJ,0,,545,546,546
573,Tedelegari,M,4,2018,2109,91,2047,29,ESTP,0,,545,546,546
574,Hisctralde,F,4,2021,2023,2,,,ESFJ,0,,545,546,546
575,Rudelere,F,4,2023,2090,67,2042,19,ESTP,0,,545,546,546
576,Lerber,M,4,2025,2026,1,,,ESTJ,0,,545,546,546
577,Bude,F,4,2027,2093,66,2044,17,ESTJ,0,,545,546,546
578,Rarifr,M,4,2030,2124,94,2062,32,ESTJ,0,,545,546,546
580,Chiarcerar,M,2,1971,2043,72,2005,34,ESFJ,0,196,,,196
581,Ogadedect,F,3,2005,2086,81,2022,17,ESFJ,0,,196,580,580
582,Gorinnti,M,3,1999,2066,67,2022,23,ESFJ,0,581,,,581
583,Beringi,M,4,2022,2052,30,,,ENFP,0,,581,582,582
584,Bechudera,F,4,2025,2075,50,2042,17,ESTP,0,,581,582,582
585,Rosaindu,F,4,2027,2028,1,,,ENTP,0,,581,582,582
586,Amauset,M,4,2029,2094,65,2060,31,ESTJ,0,,581,582,582































581,Ogadedect,F,3,2005,2031,26,2022,17,ESFJ,0,,196,580,580588,Berunga,F,3,2007,2070,63,2026,19,ESFJ,0,,196,580,580
589,Anoldero,M,3,2002,2094,92,2026,24,ESFP,0,588,,,588
590,Aududadude,F,4,2026,2027,1,,,ESTP,0,,588,589,589
591,Hildeud,F,4,2029,2104,75,2048,19,ESTJ,0,,588,589,589
597,Beldilel,F,3,2009,2018,9,,,ESFP,0,,196,580,580
598,Auradel,F,3,2012,2013,1,,,ISFP,0,,196,580,580
599,Audeudgarl,F,3,2014,2105,91,2029,15,ISTJ,0,,196,580,580
600,Gotingil,M,3,1999,2034,35,2029,30,ESTP,0,599,,,599
601,Buradaden,F,4,2029,2080,51,2045,16,ENTJ,0,,599,600,600









599,Audeudgarl,F,3,2014,2089,75,2029,15,ISTJ,0,,196,580,580619,Ginnar,M,3,2016,2023,7,,,ESFJ,0,,196,580,580
620,Rotrmend,F,3,2020,2022,2,,,ESFP,0,,196,580,580
621,Baldildo,F,3,2022,2073,51,2037,15,ESFP,0,,196,580,580
622,Pustegir,M,3,2025,2026,1,,,ESFJ,0,,196,580,580
626,Clerpichi,M,2,1945,1984,39,,,ESTJ,0,,2,3,3
627,Hlilarda,M,2,1947,2013,66,,,ESTJ,0,,2,3,3
628,Modelderu,F,2,1949,2048,99,1965,16,ESFP,0,,2,3,3
629,Beher,M,2,1938,2021,83,1965,27,ESTP,0,628,,,628
630,Gudegade,F,3,1966,1970,4,,,ESTP,0,,628,629,629
631,Thepilbam,M,3,1968,1969,1,,,ESFJ,0,,628,629,629
632,Hitars,F,3,1971,2058,87,1989,18,ESFP,0,,628,629,629
633,Endvrrir,M,3,1966,2028,62,1989,23,ENFP,0,632,,,632
634,Rotbsist,F,4,1989,2000,11,,,ESFP,0,,632,633,633
635,Ode,M,4,1992,1996,4,,,ESTJ,0,,632,633,633
636,Ergaden,F,4,1994,2049,55,2008,14,ENTP,0,,632,633,633
637,Legibolf,M,4,1982,2038,56,2008,26,ENFP,0,636,,,636
638,Aldisidefar,F,5,2009,2082,73,2025,16,ISTP,0,,636,637,637
639,Frdg,M,5,1993,2064,71,2025,32,ESFP,0,638,,,638
640,Chalfr,M,6,2025,2088,63,2050,25,ESFJ,0,,638,639,639
641,Gutrlendeg,F,6,2027,2036,9,,,ISTP,0,,638,639,639
642,Adulldol,M,6,2029,2132,103,,,ENFP,0,,638,639,639
659,Mothadete,F,5,2012,2097,85,2032,20,ESFJ,0,,636,637,637
660,Hothararg,F,5,2014,2015,1,,,ESTJ,0,,636,637,637
661,Indend,F,5,2016,2080,64,2031,15,ESTJ,0,,636,637,637
662,Motrail,F,5,2019,2064,45,2032,13,ESTP,0,,636,637,637
663,Rotrarai,F,5,2021,2087,66,2037,16,ENTJ,0,,636,637,637
664,Hiaden,F,5,2025,2026,1,,,ENTP,0,,636,637,637
665,Ceondoma,M,5,2028,2029,1,,,ESFP,0,,636,637,637
669,Chariu,M,4,1996,2075,79,,,ESTP,0,,632,633,633
670,Chegins,M,4,1999,2068,69,,,ESFJ,0,,632,633,633



632,Hitars,F,3,1971,1999,28,1989,18,ESFP,0,,628,629,629671,Eramelad,F,3,1973,2037,64,1993,20,INTJ,0,,628,629,629
672,Pardebe,M,3,1970,2042,72,1993,23,ESFJ,0,671,,,671
673,Hindrutr,F,4,1993,2069,76,2007,14,ENFP,0,,671,672,672
674,Lolrob,M,4,1990,2037,47,2007,17,ESFP,0,673,,,673
675,Hisegade,F,5,2010,2011,1,,,ESFJ,0,,673,674,674
676,Hisadegega,F,5,2013,2098,85,2030,17,ESTJ,0,,673,674,674
677,Cldugic,M,5,2001,2093,92,2030,29,ESTJ,0,676,,,676
678,Rofergadech,F,6,2030,2120,90,2049,19,ESFJ,0,,676,677,677
687,Nonthar,M,5,2017,2087,70,,,ESTP,0,,673,674,674
688,Dril,M,5,2020,2021,1,,,ESFJ,0,,673,674,674
689,Rodelhil,F,5,2024,2025,1,,,ESFJ,0,,673,674,674
690,Peser,M,5,2027,2112,85,2060,33,ESTP,0,,673,674,674
691,Hirdetr,F,5,2030,2101,71,2048,18,ESFP,0,,673,674,674
702,Rigi,M,4,1995,2071,76,2016,21,ESFJ,0,,671,672,672
703,Rodegisa,F,4,1997,2071,74,2016,19,ESTJ,0,702,,,702
704,Chalolb,M,5,2016,2017,1,,,ISFJ,0,,702,703,703
705,Evinin,M,5,2018,2075,57,,,ESFJ,0,,702,703,703
706,Beladguder,F,5,2021,2077,56,2039,18,ESFJ,0,,702,703,703
707,Bec,F,5,2024,2025,1,,,ESTP,0,,702,703,703
708,Mogasy,F,5,2028,2113,85,2047,19,ESTJ,0,,702,703,703
711,Belartal,M,4,1998,2003,5,,,ESFJ,0,,671,672,672
712,Emerdedev,F,4,2000,2058,58,2015,15,ESTJ,0,,671,672,672
713,Masinga,M,4,1994,2038,44,2015,21,ESFJ,0,712,,,712
714,Evernde,M,5,2016,2076,60,,,ISFP,0,,712,713,713
715,Hiuothir,F,5,2018,2019,1,,,ESTP,0,,712,713,713
716,Meveruda,F,5,2021,2022,1,,,ESTP,0,,712,713,713
717,Rerthil,M,5,2024,2092,68,2048,24,ESTP,0,,712,713,713
718,Amandelf,M,5,2027,2111,84,2057,30,ESFP,0,,712,713,713
731,Guldadeo,F,4,2004,2070,66,2019,15,ESTJ,0,,671,672,672
732,Brthartma,M,4,1996,2070,74,2019,23,ESTP,0,731,,,731
733,Endeldrd,F,5,2019,2081,62,2032,13,INTJ,0,,731,732,732
734,Arorar,M,5,2022,2087,65,,,ENTP,0,,731,732,732
735,Nodeber,M,5,2024,2087,63,2050,26,ISFJ,0,,731,732,732
736,Guogarad,F,5,2027,2111,84,2043,16,ESTJ,0,,731,732,732
737,Thtrun,F,5,2030,2095,65,2047,17,ENFP,0,,731,732,732
741,Angailpa,F,4,2006,2101,95,2026,20,ESFJ,0,,671,672,672
742,Emerinur,M,4,2008,2082,74,2026,18,ESFP,0,741,,,741
743,Rothildader,F,5,2026,2027,1,,,ESFJ,0,,741,742,742
744,Arthild,M,5,2028,2061,33,,,ESTJ,0,,741,742,742
761,Belthec,F,4,2009,2086,77,2026,17,ESTP,0,,671,672,672
762,Amnisse,M,4,2003,2071,68,2026,23,ESFP,0,761,,,761
763,Malfrterb,M,5,2026,2120,94,,,ESTP,0,,761,762,762
764,Arodotov,M,5,2029,2093,64,,,ESTP,0,,761,762,762
781,Wulderbo,M,4,2012,2076,64,2039,27,ESFJ,0,,671,672,672
782,Everiri,M,4,2016,2019,3,,,ENTP,0,,671,672,672
783,Berudade,F,3,1975,2046,71,1990,15,ISFJ,0,,628,629,629
784,Partinh,M,3,1971,2040,69,1990,19,ENTJ,0,783,,,783
785,Erurm,F,4,1990,2047,57,2006,16,ESTJ,0,,783,784,784
786,Rauldgu,M,4,1980,2027,47,2006,26,ESTJ,0,785,,,785
787,Gecharasve,F,5,2006,2111,105,2024,18,ESFJ,0,,785,786,786
788,Chertere,M,5,1997,2063,66,2024,27,ISTJ,0,787,,,787
789,Guodilodaida,F,6,2024,2086,62,2043,19,ESTP,0,,787,788,788
790,Sudebiso,M,6,2026,2087,61,2051,25,ESTJ,0,,787,788,788
791,Ogerud,F,6,2029,2091,62,2045,16,ISTJ,0,,787,788,788
807,Thermadi,F,5,2009,2012,3,,,INFJ,0,,785,786,786
808,Rodechiu,F,5,2011,2092,81,,,ESTP,0,,785,786,786
809,Emasth,F,5,2014,2089,75,2031,17,ESTJ,0,,785,786,786
810,Histhiset,F,5,2016,2100,84,,,ESFP,0,,785,786,786
811,Berdode,M,5,2018,2031,13,,,ESFP,0,,785,786,786
812,Gicho,M,5,2021,2025,4,,,ESTP,0,,785,786,786
813,Chalillfr,M,5,2024,2098,74,2047,23,ESTJ,0,,785,786,786
814,Chedello,M,5,2027,2100,73,,,ISFP,0,,785,786,786
815,Amarth,M,4,2012,2090,78,2029,17,ESTP,0,785,,,785
816,Aldidadal,F,5,2029,2030,1,,,ESTP,0,,785,815,815
825,Hilbegel,F,4,1993,2079,86,2010,17,ESTP,0,,783,784,784
826,Ralelind,M,4,1990,2050,60,2010,20,ESTJ,0,825,,,825
827,Beldmer,M,5,2010,2062,52,,,ESFJ,0,,825,826,826
828,Grod,M,5,2012,2078,66,,,ENFJ,0,,825,826,826
829,Alendise,F,5,2014,2072,58,2031,17,ENFP,0,,825,826,826
830,Beogu,F,5,2017,2021,4,,,ENTJ,0,,825,826,826
831,Ararise,M,5,2020,2024,4,,,ESTP,0,,825,826,826
832,Clerdgisif,M,5,2022,2111,89,2045,23,ESTP,0,,825,826,826
833,Aung,F,5,2024,2095,71,2039,15,ISFJ,0,,825,826,826
834,Adrarul,F,5,2026,2034,8,,,ESFJ,0,,825,826,826
846,Carmarc,M,4,1996,2064,68,,,ESTJ,0,,783,784,784
847,Gudelerg,F,4,1999,2106,107,2016,17,ESFJ,0,,783,784,784
848,Benolotkm,M,4,1996,2048,52,2016,20,ESTJ,0,847,,,847
849,Gorondr,M,5,2016,2017,1,,,ESFJ,0,,847,848,848
850,Gundiamu,F,5,2018,2080,62,2034,16,ESFJ,0,,847,848,848
851,Aud,F,5,2021,2087,66,2041,20,ESTJ,0,,847,848,848
852,Motradada,F,5,2024,2114,90,2043,19,ISTJ,0,,847,848,848
853,Rovisai,F,5,2027,2126,99,2041,14,ESFJ,0,,847,848,848





































































































































847,Gudelerg,F,4,1999,2031,32,2016,17,ESFJ,0,,783,784,784855,Mernfrdre,M,4,2002,2009,7,,,ESFJ,0,,783,784,784
856,Beru,F,4,2006,2070,64,2019,13,ESFJ,0,,783,784,784
857,Berilldg,M,4,1989,2086,97,2019,30,ISTP,0,856,,,856
858,Tharinus,M,5,2022,2092,70,2050,28,ENTP,0,,856,857,857
859,Augonardo,M,5,2024,2028,4,,,ESFJ,0,,856,857,857
860,Erunggad,F,5,2027,2030,3,,,ESTP,0,,856,857,857
861,Thegichen,M,5,2029,2030,1,,,ISFP,0,,856,857,857
867,Dregert,M,4,2009,2059,50,,,ESTJ,0,,783,784,784
868,Bustmeri,M,4,2012,2013,1,,,ESTJ,0,,783,784,784
869,Badgad,F,4,2017,2095,78,2034,17,ENTP,0,,783,784,784
870,Briceld,M,3,1977,2057,80,,,ISFJ,0,,628,629,629
871,Guderg,F,3,1980,2048,68,1995,15,ESTP,0,,628,629,629
872,Cli,M,3,1975,2046,71,1995,20,ESFJ,0,871,,,871
873,Arilortan,M,4,1995,1999,4,,,ESTJ,0,,871,872,872
874,Beofara,F,4,1998,2076,78,2014,16,ENTJ,0,,871,872,872
875,Einanulo,M,4,1991,2085,94,2014,23,INFJ,0,874,,,874
876,Hutomber,M,5,2015,2016,1,,,ESFJ,0,,874,875,875
877,Thibrar,M,5,2017,2106,89,,,ENFJ,0,,874,875,875
878,Engeldel,F,5,2020,2060,40,2034,14,ESFJ,0,,874,875,875
879,Marertf,M,5,2023,2076,53,2049,26,ESFJ,0,,874,875,875
880,Goussi,M,5,2025,2106,81,,,ENTP,0,,874,875,875
881,Clbomal,M,5,2029,2030,1,,,ESTJ,0,,874,875,875
886,Gertfo,M,4,2001,2006,5,,,ESFP,0,,871,872,872
887,Ermadude,F,4,2004,2061,57,2018,14,ENTP,0,,871,872,872
888,Odus,M,4,1990,2065,75,2018,28,ENTP,0,887,,,887
889,Motrudeube,F,5,2019,2025,6,,,ESTJ,0,,887,888,888
890,Entrgai,F,5,2021,2083,62,2038,17,ESFJ,0,,887,888,888
891,Dangerilde,M,5,2024,2026,2,,,ESTP,0,,887,888,888
892,Gilevililda,F,5,2027,2032,5,,,ISFP,0,,887,888,888
893,Banandar,M,5,2030,2102,72,2053,23,ESTJ,0,,887,888,888
899,Cyrondugi,M,4,2007,2008,1,,,ISFJ,0,,871,872,872
900,Enge,F,4,2009,2056,47,2026,17,ESFP,0,,871,872,872
901,Nolldorc,M,4,1995,2081,86,2026,31,ESFJ,0,900,,,900
902,Anarcha,M,5,2026,2106,80,,,ESFP,0,,900,901,901
903,Lernsso,M,5,2028,2105,77,2053,25,ESTJ,0,,900,901,901
904,Pager,M,5,2030,2034,4,,,ESFJ,0,,900,901,901
909,Endaistr,F,4,2012,2013,1,,,ESTJ,0,,871,872,872
910,Gudegara,F,4,2014,2082,68,2030,16,ESFJ,0,,871,872,872
911,Leridodor,M,4,2009,2096,87,2030,21,ESTP,0,910,,,910
912,Viberdhebe,M,5,2030,2081,51,,,ESFJ,0,,910,911,911
921,Leriopp,M,4,2019,2090,71,,,ESTJ,0,,871,872,872
922,Rotrdegar,F,3,1983,1984,1,,,INFP,0,,628,629,629
923,Wungi,M,2,2002,2064,62,2024,22,ENFJ,0,628,,,628
924,Grisotm,M,3,2024,2077,53,,,ESTJ,0,,628,923,923
925,Ergadailp,F,3,2027,2028,1,,,ISTJ,0,,628,923,923
926,Leulisc,M,3,2030,2085,55,,,ESFP,0,,628,923,923
933,Asss,M,2,1951,2018,67,,,ESTJ,0,,2,3,3
934,Rotrarde,F,2,1954,2056,102,1970,16,ENFP,0,,2,3,3
935,Porer,M,2,1946,2008,62,1970,24,ESFP,0,934,,,934
936,Luriuldri,M,3,1970,2070,100,1995,25,ISFJ,0,,934,935,935
937,Rot,F,3,1978,2026,48,1995,17,INFP,0,936,,,936
938,Thebaul,M,4,1996,2085,89,,,ESTJ,0,,936,937,937
939,Andotudon,M,4,1999,2000,1,,,ESFP,0,,936,937,937
940,Grolodu,M,4,2002,2052,50,2019,17,ESFP,0,,936,937,937
941,Hisvadgu,F,4,2001,2081,80,2019,18,ENTP,0,940,,,940
942,Maroc,M,5,2019,2097,78,,,ESFP,0,,940,941,941
943,Parcheb,M,5,2022,2093,71,,,ESTJ,0,,940,941,941
944,Warain,M,5,2025,2095,70,2049,24,ESTP,0,,940,941,941
945,Gudainde,F,5,2027,2028,1,,,ISTJ,0,,940,941,941
946,Manthidb,M,5,2029,2078,49,2057,28,ESTJ,0,,940,941,941
951,Begade,F,4,2004,2013,9,,,ESTJ,0,,936,937,937
952,Brodutari,M,4,2007,2086,79,2028,21,ESTP,0,,936,937,937
953,Aldidera,F,4,2014,2092,78,2028,14,INTJ,0,952,,,952
954,Bungailda,F,5,2029,2082,53,2045,16,ESTJ,0,,952,953,953
965,Hiltra,F,4,2010,2090,80,2027,17,ESFJ,0,,936,937,937
966,Thanory,M,4,2004,2060,56,2027,23,ISFJ,0,965,,,965
967,Erundeudel,F,5,2027,2030,3,,,ISFP,0,,965,966,966
968,Alhildegar,F,5,2029,2105,76,2046,17,ENFP,0,,965,966,966
987,Gudeld,F,4,2014,2089,75,2031,17,ESFP,0,,936,937,937
988,Betrmude,F,4,2016,2093,77,,,ESFP,0,,936,937,937
989,Hithistht,F,4,2020,2109,89,2035,15,ESFJ,0,,936,937,937
990,Bergeggut,F,3,2010,2076,66,2028,18,ISTP,0,936,,,936
991,Paulf,M,4,2028,2090,62,2049,21,ESTP,0,,936,990,990
999,Thidega,F,3,1972,2054,82,1993,21,ENTJ,0,,934,935,935
1000,Cardgi,M,3,1970,2038,68,1993,23,ESTP,0,999,,,999
1001,Clbarta,M,4,1993,2071,78,,,ISFJ,0,,999,1000,1000
1002,Enderleral,F,4,1995,2085,90,2010,15,ESFJ,0,,999,1000,1000
1003,Frtuduli,M,4,1985,2051,66,2010,25,ISTJ,0,1002,,,1002
1004,Brtmertgis,M,5,2012,2013,1,,,ENFJ,0,,1002,1003,1003
1005,Lisvaderdi,F,5,2014,2083,69,2028,14,ESTP,0,,1002,1003,1003
1006,Bonartu,M,5,2000,2057,57,2028,28,ISTJ,0,1005,,,1005
1007,Maudo,M,6,2030,2119,89,,,ENTP,0,,1005,1006,1006
1028,Tharbbari,M,5,2016,2062,46,2040,24,ESFP,0,,1002,1003,1003
1029,Aldeisvilt,F,5,2019,2097,78,2038,19,ESFP,0,,1002,1003,1003
1030,Andrgadilh,F,5,2021,2090,69,2038,17,ESFJ,0,,1002,1003,1003
1031,Vinordg,M,5,2024,2102,78,,,ESFJ,0,,1002,1003,1003
1032,Rudarldir,F,5,2026,2092,66,2042,16,ISFP,0,,1002,1003,1003
1033,Beuich,M,5,2028,2104,76,2057,29,ESFJ,0,,1002,1003,1003
1046,Bengen,F,4,1997,2001,4,,,ESTP,0,,999,1000,1000
1047,Gelfrerel,M,4,1999,2000,1,,,ESFJ,0,,999,1000,1000
1048,Thinol,M,4,2003,2069,66,,,ENFJ,0,,999,1000,1000
1049,Ogadadal,F,4,2006,2009,3,,,ENFP,0,,999,1000,1000
1050,Fotherud,F,4,2011,2013,2,,,ESFP,0,,999,1000,1000
1051,Mebert,M,4,2021,2022,1,,,ESFJ,0,,999,1000,1000
1061,Lusegindo,M,3,1975,2046,71,2000,25,ESTP,0,,934,935,935
1062,Fotidutrgi,F,3,1982,2074,92,2000,18,ESFP,0,1061,,,1061
1063,Embalol,M,4,2000,2001,1,,,ESFP,0,,1061,1062,1062
1064,Ausor,M,4,2003,2004,1,,,ESTJ,0,,1061,1062,1062
1065,Vusilfia,M,4,2006,2085,79,,,ESTP,0,,1061,1062,1062
1066,Alder,F,4,2008,2065,57,2029,21,ESFP,0,,1061,1062,1062
1067,Wareger,M,4,2005,2073,68,2029,24,ESFP,0,1066,,,1066
1068,Brchich,M,5,2029,2030,1,,,ENTP,0,,1066,1067,1067
1074,Emmoron,M,4,2010,2104,94,,,ESTP,0,,1061,1062,1062
1075,Brtisya,M,4,2014,2015,1,,,ESFP,0,,1061,1062,1062
1076,Rerdegi,M,4,2016,2102,86,2049,33,ESTJ,0,,1061,1062,1062
1077,Engeileveru,F,4,2021,2078,57,2035,14,ESFP,0,,1061,1062,1062
1078,Anardal,M,4,2024,2070,46,,,ESFP,0,,1061,1062,1062
1079,Endade,F,3,1978,2047,69,1994,16,ISFJ,0,,934,935,935
1080,Atibarth,M,3,1964,2037,73,1994,30,ESFJ,0,1079,,,1079
1081,Roserudo,F,4,1994,2084,90,2009,15,ESTJ,0,,1079,1080,1080
1082,Regotmb,M,4,1981,2063,82,2009,28,ESTJ,0,1081,,,1081
1083,Wadader,M,5,2010,2057,47,,,ESFJ,0,,1081,1082,1082
1084,Lerinnk,M,5,2013,2083,70,2045,32,ISTP,0,,1081,1082,1082
1085,Thebaic,M,5,2016,2092,76,2040,24,ISTJ,0,,1081,1082,1082
1086,Tarcherb,M,5,2018,2020,2,,,ESTJ,0,,1081,1082,1082
1087,Hoderunde,F,5,2020,2030,10,,,ESTJ,0,,1081,1082,1082
1088,Rotrutral,F,5,2023,2024,1,,,ESTP,0,,1081,1082,1082
1089,Rodileg,F,5,2025,2129,104,2041,16,ESFJ,0,,1081,1082,1082
1090,Simartk,M,5,2027,2104,77,2059,32,ESTJ,0,,1081,1082,1082
1103,Gudaderd,F,4,1997,1998,1,,,ESFJ,0,,1079,1080,1080
1104,Hinodod,M,4,1999,2062,63,2023,24,ISTJ,0,,1079,1080,1080
1105,Hive,F,4,2007,2045,38,2023,16,ESTJ,0,1104,,,1104
1106,Bendeidelti,F,5,2024,2025,1,,,ESTP,0,,1104,1105,1105
1107,Aldaderadar,F,5,2026,2093,67,2043,17,ESTJ,0,,1104,1105,1105
1108,Berdeg,F,5,2028,2084,56,2047,19,ISFJ,0,,1104,1105,1105
1123,Wich,M,4,2001,2002,1,,,ESFP,0,,1079,1080,1080
1124,Badadin,F,4,2003,2072,69,2020,17,ENFJ,0,,1079,1080,1080
1125,Danod,M,4,1993,2063,70,2020,27,ISFJ,0,1124,,,1124
1126,Bundara,F,5,2020,2065,45,2037,17,ENFJ,0,,1124,1125,1125
1127,Fuderibe,M,5,2023,2112,89,2051,28,ESTJ,0,,1124,1125,1125
1128,Gelthudegar,F,5,2025,2106,81,2043,18,ENTJ,0,,1124,1125,1125
1129,Hilerund,F,5,2028,2121,93,2047,19,ESFJ,0,,1124,1125,1125
1130,Begirera,M,5,2030,2123,93,2057,27,ESFP,0,,1124,1125,1125
1133,Golrissfr,M,4,2005,2071,66,,,ESTP,0,,1079,1080,1080
1134,Gudechio,F,4,2009,2082,73,2028,19,ISTP,0,,1079,1080,1080
1135,Alichald,M,4,2007,2067,60,2028,21,ESTP,0,1134,,,1134
1136,Chedare,M,5,2028,2030,2,,,INFJ,0,,1134,1135,1135
1137,Fothild,F,5,2030,2032,2,,,ESFJ,0,,1134,1135,1135





















































































































































1134,Gudechio,F,4,2009,2030,21,2028,19,ISTP,0,,1079,1080,10801138,Bentarge,F,4,2011,2100,89,2027,16,ESTP,0,,1079,1080,1080
1139,Chonusort,M,4,2003,2062,59,2027,24,ESFJ,0,1138,,,1138
1140,Aldech,F,5,2027,2028,1,,,ISFJ,0,,1138,1139,1139
1141,Rodectrder,F,5,2030,2102,72,2045,15,ESTJ,0,,1138,1139,1139
1160,Droriber,M,4,2015,2058,43,2044,29,ESTP,0,,1079,1080,1080
1161,Dolpinnolf,M,3,1981,1982,1,,,INTJ,0,,934,935,935
1162,Leodveld,M,3,1983,2053,70,2011,28,ENFJ,0,,934,935,935
1163,Guthectrg,F,3,1996,2077,81,2011,15,ESFJ,0,1162,,,1162
1164,Hodarara,F,4,2013,2015,2,,,ESTJ,0,,1162,1163,1163
1165,Lulfrdr,M,4,2016,2090,74,,,ENFP,0,,1162,1163,1163
1166,Hilenderga,F,4,2018,2019,1,,,ESTJ,0,,1162,1163,1163
1167,Cyritardg,M,4,2020,2021,1,,,ESFP,0,,1162,1163,1163
1168,Erasvade,F,4,2022,2075,53,2040,18,ENFJ,0,,1162,1163,1163
1169,Aldarder,F,4,2024,2025,1,,,ENTP,0,,1162,1163,1163
1170,Ebrtero,M,4,2027,2028,1,,,ESFJ,0,,1162,1163,1163
1171,Artiara,M,4,2030,2076,46,2051,21,ISTJ,0,,1162,1163,1163
1172,Chagert,M,3,1988,2070,82,,,ENTJ,0,,934,935,935
1173,Warilimns,M,3,1991,2083,92,2020,29,ESTP,0,,934,935,935
1174,Alt,F,3,2002,2071,69,2020,18,ESFJ,0,1173,,,1173
1175,Gula,M,4,2020,2101,81,,,ISTP,0,,1173,1174,1174
1176,Bertma,M,4,2022,2110,88,2045,23,ESFP,0,,1173,1174,1174
1177,Ernderuode,F,4,2024,2061,37,2042,18,ISFP,0,,1173,1174,1174
1178,Thlonamepp,M,4,2026,2088,62,2044,18,ESFP,0,,1173,1174,1174
1179,Fastar,M,4,2028,2114,86,2053,25,ISTP,0,,1173,1174,1174
1196,Susertig,M,2,1988,2051,63,2011,23,ISFP,0,934,,,934
1197,Aderdergerg,F,3,2013,2096,83,2031,18,ISTJ,0,,934,1196,1196
1198,Charibera,M,3,2015,2108,93,,,ESFJ,0,,934,1196,1196
1199,Anerdard,M,3,2017,2076,59,2045,28,ISFP,0,,934,1196,1196
1200,Lisielde,F,3,2020,2127,107,,,ESTJ,0,,934,1196,1196
1201,Gerthund,F,3,2022,2098,76,2038,16,ESFP,0,,934,1196,1196
1202,Bussssert,M,3,2026,2121,95,2057,31,ISTJ,0,,934,1196,1196
1203,Lofrteri,M,3,2028,2088,60,2049,21,ESFP,0,,934,1196,1196
1205,Audailderu,F,2,1957,2033,76,1972,15,ENFP,0,,2,3,3
1206,Otiovi,M,2,1948,2016,68,1972,24,ENFJ,0,1205,,,1205
1207,Mamerdo,M,3,1973,2060,87,,,ENTP,0,,1205,1206,1206
1208,Clobariu,M,3,1975,1976,1,,,ENFP,0,,1205,1206,1206
1209,Luseutri,M,3,1978,1981,3,,,ESTP,0,,1205,1206,1206
1210,Endaildegg,F,3,1981,1995,14,1995,14,ESFJ,0,,1205,1206,1206
1211,Fudulder,M,3,1965,2037,72,1995,30,ESFJ,0,1210,,,1210
1212,Encherin,M,3,1983,2073,90,2009,26,ISTP,0,,1205,1206,1206
1213,Rodertga,F,3,1992,2092,100,2009,17,ISFJ,0,1212,,,1212
1214,Cherilo,M,4,2010,2068,58,,,ENFP,0,,1212,1213,1213
1215,Budaidrd,F,4,2012,2077,65,2027,15,ESFP,0,,1212,1213,1213
1216,Fonu,M,4,2002,2093,91,2027,25,ESFP,0,1215,,,1215
1217,Lindoder,M,5,2027,2122,95,,,ESFJ,0,,1215,1216,1216
1218,Lildec,F,5,2030,2031,1,,,ISTP,0,,1215,1216,1216
1227,Ribe,M,4,2014,2059,45,,,ESFP,0,,1212,1213,1213
1228,Wulondrd,M,4,2016,2103,87,2042,26,ESTJ,0,,1212,1213,1213
1229,Frintartar,M,4,2019,2023,4,,,ESTJ,0,,1212,1213,1213
1230,Hin,M,4,2021,2022,1,,,ESTP,0,,1212,1213,1213
1231,Mauseuder,M,4,2023,2100,77,2042,19,ESFP,0,,1212,1213,1213
1232,Thiceusto,M,4,2025,2026,1,,,ESFP,0,,1212,1213,1213
1233,Brtha,M,4,2028,2094,66,,,ENTJ,0,,1212,1213,1213
1234,Cyrtker,M,3,1986,1987,1,,,ESTJ,0,,1205,1206,1206
1235,Pharch,M,3,1989,1990,1,,,ENTJ,0,,1205,1206,1206
1236,Ald,F,3,1993,2088,95,2013,20,ESTP,0,,1205,1206,1206
1237,Mebell,M,3,1987,2068,81,2013,26,ESTP,0,1236,,,1236
1238,Aldeldiod,F,4,2013,2057,44,2027,14,ESTJ,0,,1236,1237,1237
1239,Leordun,M,4,2003,2075,72,2027,24,ISTP,0,1238,,,1238
1240,Rotraldai,F,5,2030,2031,1,,,ESTP,0,,1238,1239,1239
1248,Nocer,M,4,2016,2105,89,2039,23,ENFJ,0,,1236,1237,1237
1249,Nodrauver,M,4,2018,2028,10,,,ENFJ,0,,1236,1237,1237
1250,Rodisch,F,4,2020,2101,81,2040,20,ESTP,0,,1236,1237,1237
1251,Adui,M,4,2022,2023,1,,,ESFJ,0,,1236,1237,1237
1252,Guleldala,F,4,2024,2029,5,,,ESFP,0,,1236,1237,1237
1253,Robeth,F,4,2027,2078,51,2046,19,ESFJ,0,,1236,1237,1237
1254,Hidergar,F,4,2029,2123,94,2050,21,ESTP,0,,1236,1237,1237
1264,Anigiusu,M,3,1996,1997,1,,,ESTP,0,,1205,1206,1206
1265,Amariu,M,2,1994,2070,76,2018,24,ISTJ,0,1205,,,1205
1266,Audelivega,F,3,2020,2084,64,2036,16,ISTJ,0,,1205,1265,1265
1267,Warilo,M,3,2022,2026,4,,,ESTP,0,,1205,1265,1265
1268,Ergadamu,F,3,2025,2117,92,2040,15,ISTJ,0,,1205,1265,1265
1269,Emegaldel,F,3,2028,2082,54,2043,15,ESTP,0,,1205,1265,1265
1270,Hidevis,F,3,2030,2095,65,2047,17,ESFJ,0,,1205,1265,1265
1275,Waronon,M,1,1951,2022,71,1977,26,ESFP,0,2,,,2
1276,Bevalil,F,2,1977,2054,77,1994,17,ESTP,0,,2,1275,1275
1277,Paudeodu,M,2,1971,2031,60,1994,23,ESFJ,0,1276,,,1276
1278,Hisalefer,F,3,1994,2040,46,2011,17,ENTJ,0,,1276,1277,1277
1279,Haririno,M,3,1983,2055,72,2011,28,ISFJ,0,1278,,,1278
1280,Dornufr,M,4,2011,2098,87,,,ESFP,0,,1278,1279,1279
1281,Rothilde,F,4,2014,2076,62,2030,16,ENTJ,0,,1278,1279,1279
1282,Angalda,M,4,2011,2073,62,2030,19,ENTP,0,1281,,,1281
1283,Fodera,F,5,2030,2104,74,2046,16,ESTP,0,,1281,1282,1282
1292,Brisen,M,4,2017,2122,105,,,INTJ,0,,1278,1279,1279
1293,Rovailda,F,4,2019,2097,78,2034,15,ISTP,0,,1278,1279,1279
1294,Gurdeotra,F,4,2021,2022,1,,,ESFJ,0,,1278,1279,1279
1295,Hingidom,M,4,2023,2024,1,,,ESTJ,0,,1278,1279,1279
1296,Sulointho,M,4,2026,2093,67,,,ESFP,0,,1278,1279,1279
1297,Gudadil,F,4,2028,2104,76,2045,17,ISFP,0,,1278,1279,1279
1299,Rotrderadi,F,3,1996,2081,85,2011,15,ESTJ,0,,1276,1277,1277
1300,Chanarin,M,3,1985,2074,89,2011,26,ISFP,0,1299,,,1299
1301,Auderm,F,4,2011,2059,48,2029,18,ESTJ,0,,1299,1300,1300
1302,Eiso,M,4,2000,2064,64,2029,29,ESTP,0,1301,,,1301
1303,Gordul,M,5,2029,2096,67,2059,30,ESTP,0,,1301,1302,1302
1311,Aldodrdo,M,4,2013,2101,88,2030,17,ENTJ,0,,1299,1300,1300
1312,Gundeva,F,4,2014,2051,37,2030,16,ESFJ,0,1311,,,1311
1313,Gertegad,F,5,2030,2116,86,2047,17,ESTP,0,,1311,1312,1312
1333,Rosald,F,4,2015,2089,74,2034,19,ESTJ,0,,1299,1300,1300
1334,Gechil,F,4,2017,2018,1,,,ESFJ,0,,1299,1300,1300
1335,Guden,F,4,2019,2102,83,2036,17,ESFP,0,,1299,1300,1300
1336,Erggadar,F,4,2022,2082,60,2040,18,ISFJ,0,,1299,1300,1300
1337,Agaricer,M,4,2024,2130,106,,,ESFP,0,,1299,1300,1300
1338,Wautgi,M,4,2027,2083,56,2055,28,ENFJ,0,,1299,1300,1300
1339,Omeppher,M,4,2029,2095,66,,,ESTP,0,,1299,1300,1300
1341,Chain,M,3,1999,2057,58,,,ISTP,0,,1276,1277,1277
1342,Gudegunda,F,3,2002,2092,90,2019,17,ESFP,0,,1276,1277,1277
1343,Sirtha,M,3,1993,2043,50,2019,26,ESTJ,0,1342,,,1342
1344,Ararod,M,4,2019,2023,4,,,ESFJ,0,,1342,1343,1343
1345,Adelisen,F,4,2021,2110,89,2041,20,ESTP,0,,1342,1343,1343
1346,Endaderu,F,4,2024,2037,13,,,ISTJ,0,,1342,1343,1343


































































































1342,Gudegunda,F,3,2002,2024,22,2019,17,ESFP,0,,1276,1277,12771347,Hioberde,F,3,2004,2005,1,,,ESFJ,0,,1276,1277,1277
1348,Therldi,F,3,2009,2016,7,,,ESFP,0,,1276,1277,1277
1349,Merunald,F,3,2014,2015,1,,,ESFJ,0,,1276,1277,1277
1361,Tusoder,M,2,1980,2039,59,2000,20,ENFJ,0,,2,1275,1275
1362,Rotrasctr,F,2,1980,2059,79,2000,20,ESTP,0,1361,,,1361
1363,Thldbert,M,3,2000,2001,1,,,ESFJ,0,,1361,1362,1362
1364,Farbold,M,3,2003,2004,1,,,ESTJ,0,,1361,1362,1362
1365,Begadas,F,3,2005,2068,63,2027,22,ESFJ,0,,1361,1362,1362
1366,Noaus,M,3,1999,2061,62,2027,28,ESTJ,0,1365,,,1365
1367,Ogilthilo,F,4,2027,2029,2,,,ESTP,0,,1365,1366,1366
1368,Bundadalb,F,4,2030,2106,76,2045,15,ESTP,0,,1365,1366,1366
1381,Aldunadotreg,F,3,2007,2083,76,2023,16,ESTP,0,,1361,1362,1362
1382,Lerodber,M,3,1995,2069,74,2023,28,ISFP,0,1381,,,1381
1383,Ersa,F,4,2023,2027,4,,,ESFJ,0,,1381,1382,1382
1384,Rofegert,F,4,2025,2029,4,,,ISTJ,0,,1381,1382,1382
1385,Gidevadel,F,4,2028,2120,92,2043,15,ESFJ,0,,1381,1382,1382
1392,Adildrtb,F,3,2011,2075,64,2025,14,ESTP,0,,1361,1362,1362
1393,Entgiu,M,3,2003,2076,73,2025,22,ESTP,0,1392,,,1392
1394,Wufrtic,M,4,2028,2102,74,2052,24,ESFJ,0,,1392,1393,1393
1401,Mermegader,F,3,2014,2015,1,,,ESTJ,0,,1361,1362,1362
1402,Emurunde,F,3,2017,2066,49,2035,18,ESFJ,0,,1361,1362,1362
1403,Angal,M,3,2019,2020,1,,,ISTP,0,,1361,1362,1362
1404,Rotrththilda,F,2,1982,2090,108,1998,16,ESTJ,0,,2,1275,1275
1405,Adulole,M,2,1964,2036,72,1998,34,ESFJ,0,1404,,,1404
1406,Parnagald,M,3,1999,2066,67,,,ISTJ,0,,1404,1405,1405
1407,Chéodod,M,3,2001,2073,72,,,ESFJ,0,,1404,1405,1405
1408,Listrude,F,3,2003,2006,3,,,ESTP,0,,1404,1405,1405
1409,Gundaldg,F,3,2006,2007,1,,,ENTJ,0,,1404,1405,1405
1410,Dorthatm,M,3,2008,2067,59,,,ISFP,0,,1404,1405,1405
1411,Aderudadar,F,3,2011,2076,65,2031,20,ESTJ,0,,1404,1405,1405
1412,Hich,M,3,2014,2080,66,2040,26,ESTJ,0,,1404,1405,1405































1404,Rotrththilda,F,2,1982,2014,32,1998,16,ESTJ,0,,2,1275,12751413,Hiderd,F,2,1985,1988,3,,,ESTP,0,,2,1275,1275
1414,Adeodelth,F,2,1987,1994,7,,,ESFP,0,,2,1275,1275
1415,Tharilo,M,2,1990,1991,1,,,ESFP,0,,2,1275,1275
1416,Aril,M,2,1994,2009,15,,,ENFP,0,,2,1275,1275
1417,Adiungar,F,2,2000,2062,62,,,ESTJ,0,,2,1275,1275
1418,Mariskere,M,1,1923,1985,62,,,ENTP,0,,0,1,1
1419,Arinolf,M,1,1926,1927,1,,,ESTP,0,,0,1,1
1420,Noder,M,1,1929,1930,1,,,ESTJ,0,,0,1,1
1421,Courtha,M,1,1932,1933,1,,,ISTP,0,,0,1,1
1422,Emelparuli,F,1,1937,2036,99,1957,20,ENTP,0,,0,1,1
1423,Waser,M,1,1933,1984,51,1957,24,ESFJ,0,1422,,,1422
1424,Audarma,F,2,1957,2042,85,1972,15,ISFP,0,,1422,1423,1423
1425,Wanndert,M,2,1943,2027,84,1972,29,ENTP,0,1424,,,1424
1426,Aranaric,M,3,1974,2033,59,,,ISTJ,0,,1424,1425,1425
1427,Beribind,M,3,1976,2057,81,,,ESTJ,0,,1424,1425,1425
1428,Gilisilde,F,3,1978,1979,1,,,ESFP,0,,1424,1425,1425
1429,Berdarca,M,3,1980,1983,3,,,ESFJ,0,,1424,1425,1425
1430,Enussodeui,M,3,1982,2057,75,,,ESTJ,0,,1424,1425,1425
1431,Thildaldev,F,3,1984,2060,76,2004,20,ESTJ,0,,1424,1425,1425
1432,Waltgegar,M,3,1978,2039,61,2004,26,ISTJ,0,1431,,,1431
1424,Audarma,F,2,1957,1984,27,1972,15,ISFP,0,,1422,1423,1423
1434,Eradilensc,F,4,2006,2007,1,,,ESTJ,0,,1431,1432,1432
1435,Wartali,M,4,2008,2012,4,,,ENFJ,0,,1431,1432,1432
1436,Berunthiuo,F,4,2011,2020,9,,,ESTP,0,,1431,1432,1432
1437,Gundad,F,4,2013,2020,7,,,ESTP,0,,1431,1432,1432
1438,Lernha,M,4,2016,2020,4,,,ISFJ,0,,1431,1432,1432
1439,Enarderdei,F,4,2020,2021,1,,,ESFP,0,,1431,1432,1432
1440,Erudev,F,4,2022,2026,4,,,ISTP,0,,1431,1432,1432
1450,Belgubega,F,2,1960,2027,67,1978,18,ESFP,0,,1422,1423,1423
1451,Anallfr,M,2,1951,2011,60,1978,27,ESTJ,0,1450,,,1450
1452,Malde,M,3,1978,2036,58,2004,26,ESTJ,0,,1450,1451,1451
1453,Hildeltr,F,3,1987,2068,81,2004,17,ESFJ,0,1452,,,1452
1454,Bidar,M,4,2004,2005,1,,,ESFJ,0,,1452,1453,1453
1455,Thitram,F,4,2006,2009,3,,,ESFP,0,,1452,1453,1453
1456,Fuima,M,4,2009,2071,62,2028,19,ENFP,0,,1452,1453,1453
1457,Beothera,F,4,2011,2108,97,2028,17,ENFJ,0,1456,,,1456
1458,Walderi,M,5,2028,2113,85,,,ENFJ,0,,1456,1457,1457
1459,Ouzberola,M,5,2030,2092,62,,,ESFJ,0,,1456,1457,1457















1457,Beothera,F,4,2011,2047,36,2028,17,ENFJ,0,1456,,,14561478,Hitrngalt,F,4,2012,2094,82,2028,16,ESFJ,0,,1452,1453,1453
1479,Beri,M,4,2004,2072,68,2028,24,ESTP,0,1478,,,1478
1480,Aldelelt,F,5,2028,2119,91,2043,15,ESFJ,0,,1478,1479,1479
1501,Ardeull,M,4,2014,2068,54,,,ESFJ,0,,1452,1453,1453
1502,Aindulfr,M,4,2018,2030,12,,,ESFJ,0,,1452,1453,1453
1503,Hegarde,M,4,2021,2083,62,,,ESTP,0,,1452,1453,1453
1504,Hobech,F,4,2025,2026,1,,,ESTP,0,,1452,1453,1453
1505,Huskma,M,3,1980,1987,7,,,ENFJ,0,,1450,1451,1451
1506,Fulderer,M,3,1982,1983,1,,,ESTP,0,,1450,1451,1451
1507,Rungadad,F,3,1985,1987,2,,,ENFJ,0,,1450,1451,1451
1508,Hiergadeng,F,3,1988,2065,77,,,ESFP,0,,1450,1451,1451
1509,Ingadunda,F,3,1991,2050,59,2005,14,ESFJ,0,,1450,1451,1451
1510,Ricertk,M,3,1977,2055,78,2005,28,ESFJ,0,1509,,,1509
1511,Adeudeg,F,4,2009,2091,82,2029,20,ESTP,0,,1509,1510,1510
1512,Lerther,M,4,2003,2071,68,2029,26,ESFP,0,1511,,,1511
1513,Ardo,M,5,2029,2030,1,,,ISFP,0,,1511,1512,1512
1530,Fardisv,F,4,2011,2073,62,2027,16,ENFP,0,,1509,1510,1510
1531,Chaseder,M,4,2001,2050,49,2027,26,ESFJ,0,1530,,,1530
1532,Aldalodeg,F,5,2027,2039,12,,,ISTP,0,,1530,1531,1531
1533,Arigerard,M,5,2030,2043,13,,,ESTP,0,,1530,1531,1531
1552,Artardoder,M,4,2013,2088,75,,,ESTP,0,,1509,1510,1510
1553,Brildo,M,4,2016,2065,49,2038,22,ESTJ,0,,1509,1510,1510
1554,Wierelil,M,4,2018,2019,1,,,ISTJ,0,,1509,1510,1510
1555,Aginuser,M,4,2022,2104,82,2048,26,ISTP,0,,1509,1510,1510
1556,Wingrolfr,M,4,2024,2055,31,,,ESTJ,0,,1509,1510,1510
1557,Odertge,M,4,2028,2078,50,,,ESFP,0,,1509,1510,1510
1559,Evendero,M,3,1996,2069,73,,,ISTJ,0,,1450,1451,1451
1560,Odolib,M,2,1994,2052,58,2017,23,ESTP,0,1450,,,1450
1561,Eber,M,3,2017,2091,74,2042,25,ENTP,0,,1450,1560,1560
1562,Hingemis,M,3,2021,2105,84,2049,28,ESTP,0,,1450,1560,1560
1563,Arerith,M,3,2023,2094,71,2043,20,ESTP,0,,1450,1560,1560
1564,Hindarde,F,3,2027,2127,100,2044,17,ESTP,0,,1450,1560,1560
1565,Amelfeu,M,3,2030,2119,89,,,ESFJ,0,,1450,1560,1560
1568,Sulertathe,M,2,1962,2041,79,,,ESTJ,0,,1422,1423,1423
1569,Auldegic,M,2,1964,2031,67,1986,22,ESTJ,0,,1422,1423,1423
1570,Erudelpa,F,2,1969,2040,71,1986,17,ESFJ,0,1569,,,1569
1571,Mancud,M,3,1986,2065,79,,,ESFJ,0,,1569,1570,1570
1572,Hindengair,F,3,1988,1989,1,,,ESFP,0,,1569,1570,1570
1573,Windertar,M,3,1991,1993,2,,,ESTP,0,,1569,1570,1570
1574,Fadelegerasc,F,3,1993,2077,84,2014,21,ISTJ,0,,1569,1570,1570
1575,Warart,M,3,1987,2053,66,2014,27,ISFJ,0,1574,,,1574
1576,Hibono,M,4,2014,2018,4,,,ISTJ,0,,1574,1575,1575
1577,Burindon,M,4,2017,2018,1,,,ENFJ,0,,1574,1575,1575
1578,Hisviult,F,4,2020,2030,10,,,ESTJ,0,,1574,1575,1575
1579,Siprdu,M,4,2024,2031,7,,,ESFP,0,,1574,1575,1575
1580,Rotrada,F,4,2027,2113,86,2044,17,ESFJ,0,,1574,1575,1575
1581,Berechis,F,4,2029,2034,5,,,ESTP,0,,1574,1575,1575
1592,Endarardede,F,3,1996,2051,55,2014,18,ESTJ,0,,1569,1570,1570
1593,Marithe,M,3,1991,2062,71,2014,23,ESTP,0,1592,,,1592
1594,Lilpar,F,4,2014,2015,1,,,ISFP,0,,1592,1593,1593
1595,Altasilda,F,4,2017,2022,5,,,ESFJ,0,,1592,1593,1593
1596,Eruderde,F,4,2020,2021,1,,,ESFP,0,,1592,1593,1593
1597,Aercari,M,4,2022,2074,52,,,ESFJ,0,,1592,1593,1593
1598,Guda,F,4,2025,2026,1,,,ESTP,0,,1592,1593,1593
1599,Lert,M,4,2027,2030,3,,,ESFJ,0,,1592,1593,1593
1600,Perber,M,4,2029,2096,67,2046,17,ESTJ,0,,1592,1593,1593
1602,Berar,F,3,2000,2062,62,2016,16,ESFJ,0,,1569,1570,1570
1603,Bedeoul,M,3,1993,2066,73,2016,23,INFP,0,1602,,,1602
1604,Rudothisalel,F,4,2016,2087,71,2031,15,ESTP,0,,1602,1603,1603
1605,Berthmam,M,4,2019,2020,1,,,ENFP,0,,1602,1603,1603
1606,Farudi,F,4,2022,2066,44,2039,17,ENFJ,0,,1602,1603,1603
1607,Claliulov,M,4,2025,2029,4,,,ENTJ,0,,1602,1603,1603
1608,Cheriurt,M,4,2028,2067,39,2047,19,ESFJ,0,,1602,1603,1603
1613,Beroderi,M,3,2002,2003,1,,,ENTJ,0,,1569,1570,1570
1614,Beribel,M,3,2007,2076,69,,,ESTJ,0,,1569,1570,1570
1615,Thailthe,F,3,2016,2097,81,2034,18,ESTJ,0,,1569,1570,1570
1616,Gilpadad,F,2,1968,2052,84,1981,13,ISFJ,0,,1422,1423,1423
1617,Lomero,M,2,1956,2026,70,1981,25,ESTP,0,1616,,,1616
1618,Emudadad,F,3,1984,2058,74,2000,16,ESFP,0,,1616,1617,1617
1619,Vinuseri,M,3,1971,2051,80,2000,29,ESTP,0,1618,,,1618
1620,Banodoric,M,4,2001,2080,79,2028,27,ESTP,0,,1618,1619,1619
1621,Motrdeld,F,4,2010,2097,87,2028,18,ESTP,0,1620,,,1620
1622,Begeger,F,5,2028,2092,64,2046,18,ENFP,0,,1620,1621,1621
1623,And,F,5,2030,2099,69,2046,16,ENTP,0,,1620,1621,1621
1631,Bundegisa,F,4,2004,2007,3,,,ESTP,0,,1618,1619,1619
1632,Emutrarg,F,4,2006,2072,66,2024,18,ESFJ,0,,1618,1619,1619
1633,Artha,M,4,2000,2057,57,2024,24,ESFP,0,1632,,,1632
1634,Rothinob,F,5,2024,2095,71,2039,15,ENTJ,0,,1632,1633,1633
1635,Rodarude,F,5,2027,2093,66,2045,18,ISTJ,0,,1632,1633,1633
1636,Guderetr,F,5,2030,2031,1,,,ESFP,0,,1632,1633,1633
1654,Begadech,F,4,2009,2083,74,2027,18,ESTP,0,,1618,1619,1619
1655,Frch,M,4,2009,2071,62,2027,18,ESFJ,0,1654,,,1654
1656,Futedon,M,5,2027,2109,82,2049,22,ESTP,0,,1654,1655,1655
1657,Benothas,M,5,2030,2131,101,,,ESFJ,0,,1654,1655,1655

















































































































1654,Begadech,F,4,2009,2074,65,2027,18,ESTP,0,,1618,1619,16191667,Lerisarin,M,4,2011,2078,67,2036,25,ESFJ,0,,1618,1619,1619
1668,Ogisiser,F,4,2013,2104,91,2031,18,ESFJ,0,,1618,1619,1619
1669,Andm,M,4,2016,2102,86,2039,23,ESFJ,0,,1618,1619,1619
1670,Audarudec,F,4,2028,2066,38,2042,14,ESFJ,0,,1618,1619,1619
1671,Hisfiber,M,3,1987,2088,101,2015,28,ESTP,0,,1616,1617,1617
1672,Thadis,F,3,1998,2083,85,2015,17,ENTJ,0,1671,,,1671
1673,Budegundi,F,4,2015,2016,1,,,ENFJ,0,,1671,1672,1672
1674,Gegildodo,M,4,2018,2106,88,,,ESFJ,0,,1671,1672,1672
1675,Rier,M,4,2021,2092,71,,,ENTJ,0,,1671,1672,1672
1676,Runderdind,F,4,2024,2108,84,2038,14,ESTP,0,,1671,1672,1672
1677,Thalover,M,4,2026,2079,53,,,ESTJ,0,,1671,1672,1672
1678,Nomarin,M,4,2029,2082,53,,,ESTJ,0,,1671,1672,1672
1681,Fotbec,F,3,1990,2068,78,2006,16,ESFJ,0,,1616,1617,1617
1682,Adegibe,M,3,1980,2047,67,2006,26,ESTP,0,1681,,,1681
1683,Beudelda,F,4,2006,2007,1,,,ESTP,0,,1681,1682,1682
1684,Aungasvara,F,4,2009,2084,75,2024,15,ESFJ,0,,1681,1682,1682
1685,Hilo,M,4,1996,2069,73,2024,28,ESTJ,0,1684,,,1684
1686,Hintherude,F,5,2024,2095,71,2037,13,ESTJ,0,,1684,1685,1685
1687,Gudondod,M,5,2027,2087,60,2049,22,ENTJ,0,,1684,1685,1685
1688,Ogether,F,5,2030,2039,9,,,ESTP,0,,1684,1685,1685
1703,Beudalp,F,4,2012,2095,83,2031,19,ESTJ,0,,1681,1682,1682
1704,Begelda,F,4,2015,2016,1,,,ESFJ,0,,1681,1682,1682
1705,Arduser,M,4,2017,2117,100,,,ESTP,0,,1681,1682,1682
1706,Chichodode,M,4,2019,2092,73,,,ESFP,0,,1681,1682,1682
1707,Merai,F,4,2021,2022,1,,,ESTP,0,,1681,1682,1682
1708,Rutradar,F,4,2024,2065,41,2039,15,ESTJ,0,,1681,1682,1682
1709,Guduler,M,4,2027,2028,1,,,ESTP,0,,1681,1682,1682
1720,That,M,3,1992,2050,58,,,ESFJ,0,,1616,1617,1617
1721,Audinadeil,F,3,1995,2061,66,2009,14,ESTJ,0,,1616,1617,1617
1722,Manoulldrthlp,M,3,1989,2065,76,2009,20,ESTP,0,1721,,,1721
1723,Hegisfrt,M,4,2011,2012,1,,,ESFJ,0,,1721,1722,1722
1724,Gud,F,4,2014,2075,61,2033,19,ESTP,0,,1721,1722,1722
1725,Bechudidad,F,4,2017,2029,12,,,ESFP,0,,1721,1722,1722
1726,Rosischi,F,4,2019,2074,55,2034,15,ESTJ,0,,1721,1722,1722
1727,Rogalega,F,4,2021,2088,67,2040,19,ENFJ,0,,1721,1722,1722
1728,Engudada,F,4,2024,2025,1,,,ISTP,0,,1721,1722,1722
1729,Frmaule,M,4,2026,2036,10,,,ESTJ,0,,1721,1722,1722
1730,Ergisc,F,4,2029,2127,98,2046,17,ESTP,0,,1721,1722,1722
1733,Rodelgun,F,3,1997,2059,62,,,ISFJ,0,,1616,1617,1617
1734,Andaltr,F,3,2000,2062,62,2021,21,ESTP,0,,1616,1617,1617
1735,Warerd,M,3,1991,2043,52,2021,30,ISTP,0,1734,,,1734
1736,Geginda,F,4,2021,2022,1,,,ESFP,0,,1734,1735,1735
1737,Gundadis,F,4,2023,2073,50,2044,21,ISFP,0,,1734,1735,1735
1738,Amaralb,M,4,2025,2037,12,,,ESFJ,0,,1734,1735,1735
1739,Fotrade,F,4,2027,2081,54,2043,16,ESTJ,0,,1734,1735,1735
1740,Gudeldefa,F,4,2029,2034,5,,,ESFJ,0,,1734,1735,1735
1751,Aunderga,F,3,2005,2089,84,2023,18,ESTJ,0,,1616,1617,1617
1752,Gotinde,M,3,1998,2061,63,2023,25,ISFP,0,1751,,,1751
1753,Chisolo,M,4,2023,2099,76,2048,25,ENFJ,0,,1751,1752,1752
1754,Budilendeoda,F,4,2025,2098,73,2043,18,ESFJ,0,,1751,1752,1752
1755,Ausertg,M,4,2027,2028,1,,,ISFP,0,,1751,1752,1752
1756,Berarud,F,4,2029,2090,61,2046,17,ESTJ,0,,1751,1752,1752













































1751,Aunderga,F,3,2005,2077,72,2023,18,ESTJ,0,,1616,1617,16171768,Regann,M,3,2012,2092,80,2039,27,ESTJ,0,,1616,1617,1617
1779,Goserro,M,2,1970,1974,4,,,ESTP,0,,1422,1423,1423
1780,Ginalb,M,2,1973,2031,58,,,ENFP,0,,1422,1423,1423
1781,Aldendot,F,2,1975,1976,1,,,ESTP,0,,1422,1423,1423
1782,Pambartm,M,1,1965,2045,80,1986,21,INFP,0,1422,,,1422
1783,Aldadar,F,2,1986,1987,1,,,ESTP,0,,1422,1782,1782
1784,Erandechis,F,2,1989,2004,15,,,ISFJ,0,,1422,1782,1782
1785,Bengarada,F,2,1991,1993,2,,,ENFP,0,,1422,1782,1782
1786,Belpadegada,F,2,1993,2001,8,,,ISFJ,0,,1422,1782,1782
1787,Berad,F,2,1995,1997,2,,,ESTP,0,,1422,1782,1782
1788,Adandinder,F,2,1997,2100,103,2015,18,ISFJ,0,,1422,1782,1782
1789,Malicuir,M,2,1996,2073,77,2015,19,ESTP,0,1788,,,1788
1790,Hiches,M,3,2015,2093,78,2049,34,ESTP,0,,1788,1789,1789
1791,Frtindera,M,3,2017,2103,86,,,ISTJ,0,,1788,1789,1789
1792,Fulary,M,3,2019,2125,106,2041,22,ESFJ,0,,1788,1789,1789
1793,Erudengara,F,3,2022,2081,59,2044,22,ESFP,0,,1788,1789,1789
1794,Bese,M,3,2025,2076,51,2048,23,ESFJ,0,,1788,1789,1789
1795,Frilerth,M,3,2029,2140,111,,,ESTP,0,,1788,1789,1789
1808,Golona,M,2,2000,2001,1,,,ENTP,0,,1422,1782,1782
1809,Guderg,F,2,2003,2004,1,,,ESTP,0,,1422,1782,1782
1810,Merdade,F,2,2007,2096,89,2025,18,ISTP,0,,1422,1782,1782
1811,Gedrorder,M,2,2000,2075,75,2025,25,ENFP,0,1810,,,1810
1812,Thergad,F,3,2025,2074,49,2043,18,ESFP,0,,1810,1811,1811
1813,Fozor,M,3,2027,2113,86,2054,27,ESFP,0,,1810,1811,1811
1814,Budegadeg,F,3,2030,2031,1,,,ESTP,0,,1810,1811,1811
1831,Hinob,M,1,1943,2025,82,1970,27,ESFP,0,,0,1,1
1832,Mendisthit,F,1,1951,2029,78,1970,19,ESFP,0,1831,,,1831
1833,Fulinbe,M,2,1970,2048,78,,,ESTP,0,,1831,1832,1832
1834,Rudendeg,F,2,1972,2043,71,1987,15,ESFJ,0,,1831,1832,1832
1835,Agerdom,M,2,1965,2035,70,1987,22,ESTP,0,1834,,,1834
1836,Rothilda,F,3,1987,2064,77,2003,16,ESFJ,0,,1834,1835,1835
1837,Brininc,M,3,1980,2060,80,2003,23,ESTP,0,1836,,,1836
1838,Emainti,M,4,2003,2068,65,2028,25,ESTP,0,,1836,1837,1837
1839,Rodadudildis,F,4,2010,2094,84,2028,18,ESFP,0,1838,,,1838
1840,Geltrunde,F,5,2028,2037,9,,,ESFJ,0,,1838,1839,1839
1847,Pardgelin,M,4,2005,2064,59,,,ESFP,0,,1836,1837,1837
1848,Ernodech,F,4,2008,2077,69,2027,19,ESFJ,0,,1836,1837,1837
1849,Ododmb,M,4,2002,2061,59,2027,25,ESFP,0,1848,,,1848
1850,Hiecht,F,5,2027,2096,69,2041,14,ISTJ,0,,1848,1849,1849
1851,Dusserb,M,5,2030,2035,5,,,ESTJ,0,,1848,1849,1849
1868,Beradis,F,4,2012,2016,4,,,ESTJ,0,,1836,1837,1837
1869,Clolozon,M,4,2014,2076,62,2038,24,ESTP,0,,1836,1837,1837
1870,Brndrda,M,4,2016,2072,56,,,ESTP,0,,1836,1837,1837
1871,Audilgud,F,4,2019,2102,83,2034,15,ESFJ,0,,1836,1837,1837
1872,Hotitrderul,F,4,2026,2109,83,2042,16,ESFP,0,,1836,1837,1837
1873,Hildiotherng,F,4,2029,2084,55,2050,21,ESFJ,0,,1836,1837,1837
1874,Lernord,M,3,1989,2054,65,2013,24,ENFP,0,,1834,1835,1835
1875,Gerungur,F,3,1995,2050,55,2013,18,ESTJ,0,1874,,,1874
1876,Rudechild,F,4,2013,2015,2,,,ESFJ,0,,1874,1875,1875
1877,Engasadi,F,4,2016,2021,5,,,ESFJ,0,,1874,1875,1875
1878,Govrthi,M,4,2019,2089,70,,,ESTJ,0,,1874,1875,1875
1879,Leginibr,M,4,2021,2064,43,,,ESFJ,0,,1874,1875,1875
1880,Bechil,F,4,2024,2093,69,2041,17,ESFJ,0,,1874,1875,1875
1881,Ardrdedr,M,4,2026,2103,77,2053,27,ESTJ,0,,1874,1875,1875
1882,Atarngeg,M,4,2029,2114,85,,,ESFP,0,,1874,1875,1875
1883,Gergerg,F,3,1992,1998,6,,,ESTJ,0,,1834,1835,1835
1884,Bererint,M,3,1994,2075,81,2022,28,ESFJ,0,,1834,1835,1835
1885,Thelduthilde,F,3,2007,2083,76,2022,15,ESTP,0,1884,,,1884
1886,Engarde,F,4,2022,2027,5,,,ESFJ,0,,1884,1885,1885
1887,Alpardidil,F,4,2025,2125,100,2040,15,ESFP,0,,1884,1885,1885
1888,Reldori,M,4,2028,2108,80,,,ISTP,0,,1884,1885,1885
1889,Gomeri,M,4,2030,2108,78,,,ESFJ,0,,1884,1885,1885
1896,Frthiari,M,3,1997,2007,10,,,ESFP,0,,1834,1835,1835
1897,Bowicild,M,3,2000,2049,49,2023,23,ESFP,0,,1834,1835,1835
1898,Ensegube,F,3,2007,2078,71,2023,16,ESFJ,0,1897,,,1897
1899,Tharter,M,4,2023,2095,72,,,ESTJ,0,,1897,1898,1898
1900,Hidadegadr,F,4,2026,2040,14,,,ISTP,0,,1897,1898,1898
1901,Bechise,F,4,2029,2030,1,,,ISFJ,0,,1897,1898,1898
1907,Erderu,F,3,2003,2006,3,,,ESFJ,0,,1834,1835,1835
1908,Ththectga,F,3,2006,2069,63,2022,16,ENTP,0,,1834,1835,1835
1909,Embrinu,M,3,1995,2038,43,2022,27,ISTJ,0,1908,,,1908
1910,Hilfrart,M,4,2022,2095,73,,,INTP,0,,1908,1909,1909
1911,Gondrilfon,M,4,2025,2123,98,2049,24,ESTP,0,,1908,1909,1909
1912,Gungaderd,F,4,2028,2039,11,,,ESFJ,0,,1908,1909,1909



















































































1908,Ththectga,F,3,2006,2034,28,2022,16,ENTP,0,,1834,1835,18351915,Bardertrev,F,3,2009,2016,7,,,ISFJ,0,,1834,1835,1835
1916,Gududec,F,2,1975,2048,73,1997,22,ESFP,0,,1831,1832,1832
1917,Rericeld,M,2,1964,2073,109,1997,33,ESFP,0,1916,,,1916
1918,Ardugib,M,3,1997,2012,15,,,ESFJ,0,,1916,1917,1917
1919,Tert,M,3,2000,2091,91,,,ESFJ,0,,1916,1917,1917
1920,Imerind,M,3,2002,2003,1,,,ESTJ,0,,1916,1917,1917
1921,Godombin,M,3,2011,2089,78,,,ESFJ,0,,1916,1917,1917
1922,Emardad,F,3,2014,2088,74,2030,16,ESFJ,0,,1916,1917,1917
1923,Cyroegi,M,3,2001,2041,40,2030,29,ESFP,0,1922,,,1922





1922,Emardad,F,3,2014,2061,47,2030,16,ESFJ,0,,1916,1917,19171938,Sero,M,2,1977,1978,1,,,ESFP,0,,1831,1832,1832
1939,Welban,M,2,1980,2055,75,,,ESFP,0,,1831,1832,1832
1940,Hinuss,M,2,1983,1984,1,,,ISFP,0,,1831,1832,1832
1941,Bosuder,M,2,1987,2062,75,2014,27,ENTP,0,,1831,1832,1832
1942,Altradosi,F,2,1997,2054,57,2014,17,ESTP,0,1941,,,1941
1943,Drareba,M,3,2014,2015,1,,,ESFP,0,,1941,1942,1942
1944,Cher,M,3,2016,2107,91,,,ESFJ,0,,1941,1942,1942
1945,Brtmal,M,3,2018,2082,64,,,ESTP,0,,1941,1942,1942
1946,Beharrti,M,3,2020,2126,106,,,ESFJ,0,,1941,1942,1942
1947,Rertari,M,3,2023,2105,82,2045,22,ESFJ,0,,1941,1942,1942
1948,Thiltrga,F,3,2025,2026,1,,,ENTJ,0,,1941,1942,1942
1949,Artha,M,3,2028,2115,87,,,ESTJ,0,,1941,1942,1942
1950,Aun,F,3,2030,2103,73,2046,16,ENFJ,0,,1941,1942,1942

